BGGId,Name,Rating_2021,Rating_2025,rating_change
174430,Gloomhaven,8.51488,8.31292,-0.2019599999999997
161936,Pandemic Legacy: Season 1,8.44451,8.35472,-0.08978999999999893
224517,Brass: Birmingham,8.41573,8.39915,-0.016579999999999373
167791,Terraforming Mars,8.27421,8.19349,-0.08071999999999946
233078,Twilight Imperium: Fourth Edition,8.25955,8.22204,-0.03751000000000104
291457,Gloomhaven: Jaws of the Lion,8.25163,8.11178,-0.13985000000000092
220308,Gaia Project,8.17758,8.09131,-0.08627000000000073
187645,Star Wars: Rebellion,8.17121,8.16902,-0.0021900000000005804
182028,Through the Ages: A New Story of Civilization,8.15369,8.02376,-0.12992999999999988
115746,War of the Ring: Second Edition,8.13104,8.19414,0.06310000000000038
162886,Spirit Island,8.13019,8.1415,0.011309999999999931
193738,Great Western Trail,8.1239,7.98541,-0.1384900000000009
12333,Twilight Struggle,8.11593,8.04714,-0.0687899999999999
169786,Scythe,8.06389,7.95612,-0.10777000000000037
84876,The Castles of Burgundy,8.00742,8.02423,0.016809999999999548
173346,7 Wonders Duel,7.98227,7.95783,-0.02443999999999935
167355,Nemesis,7.97629,7.95103,-0.025259999999999394
120677,Terra Mystica,7.96875,7.86517,-0.10358
124361,Concordia,7.96527,7.92973,-0.03554000000000013
28720,Brass: Lancashire,7.96277,7.9591,-0.003669999999999618
177736,A Feast for Odin,7.94487,7.94308,-0.0017899999999997362
266192,Wingspan,7.9413,7.85674,-0.08455999999999975
316554,Dune: Imperium,7.93066,8.22315,0.2924900000000008
205637,Arkham Horror: The Card Game,7.92962,7.89698,-0.03263999999999978
183394,Viticulture Essential Edition,7.8951,7.81525,-0.07985000000000042
164928,Orléans,7.88383,7.85955,-0.02428000000000008
237182,Root,7.88344,7.88151,-0.0019300000000006534
96848,Mage Knight Board Game,7.87988,7.83794,-0.04194000000000031
199792,Everdell,7.86622,7.81707,-0.04915000000000003
3076,Puerto Rico,7.83978,7.75651,-0.08327000000000062
175914,Food Chain Magnate,7.83205,7.77651,-0.0555399999999997
102794,Caverna: The Cave Farmers,7.82887,7.74012,-0.0887500000000001
170216,Blood Rage,7.81773,7.73163,-0.08610000000000007
266507,Clank!: Legacy – Acquisitions Incorporated,7.81653,7.94216,0.12563000000000013
31260,Agricola,7.81189,7.7301,-0.08178999999999981
276025,Maracaibo,7.79614,7.65146,-0.14468000000000014
285774,Marvel Champions: The Card Game,7.79499,7.7907,-0.004290000000000127
192135,Too Many Bones,7.79103,7.8645,0.07346999999999948
221107,Pandemic Legacy: Season 2,7.78863,7.69861,-0.09001999999999999
205059,Mansions of Madness: Second Edition,7.78798,7.68666,-0.1013200000000003
312484,Lost Ruins of Arnak,7.78621,7.90584,0.11963000000000079
284083,The Crew: The Quest for Planet Nine,7.77382,7.62743,-0.14638999999999935
251247,Barrage,7.76939,7.84024,0.07085000000000008
247763,Underwater Cities,7.76235,7.77503,0.012680000000000469
248562,Mage Knight: Ultimate Edition,7.76184,7.96757,0.20572999999999997
185343,Anachrony,7.75523,7.7368,-0.01843000000000039
246900,Eclipse: Second Dawn for the Galaxy,7.7546,7.96732,0.21272000000000002
126163,Tzolk'in: The Mayan Calendar,7.74221,7.68546,-0.05675000000000008
2651,Power Grid,7.74057,7.68511,-0.055460000000000065
180263,The 7th Continent,7.73817,7.43686,-0.30130999999999997
55690,Kingdom Death: Monster,7.73507,7.62455,-0.11052000000000017
216132,Clans of Caledonia,7.72396,7.67309,-0.05086999999999975
209010,Mechs vs. Minions,7.72202,7.63416,-0.08786000000000005
164153,Star Wars: Imperial Assault,7.72079,7.6558,-0.06498999999999988
35677,Le Havre,7.71199,7.66181,-0.05018000000000011
256960,Pax Pamir: Second Edition,7.71147,7.76799,0.056519999999999904
184267,On Mars,7.7036,7.74447,0.04086999999999996
230802,Azul,7.68794,7.61197,-0.07596999999999987
125153,The Gallerist,7.68781,7.65944,-0.028369999999999784
271320,The Castles of Burgundy,7.68653,7.98818,0.30164999999999953
72125,Eclipse,7.68475,7.59476,-0.08999000000000024
25613,Through the Ages: A Story of Civilization,7.67764,7.55781,-0.11983000000000033
161533,Lisboa,7.67509,7.71221,0.03711999999999982
191189,Aeon's End,7.67196,7.58755,-0.0844100000000001
244521,The Quacks of Quedlinburg,7.66965,7.66972,7.00000000000145e-05
124742,Android: Netrunner,7.66949,7.65431,-0.015179999999999971
521,Crokinole,7.66633,7.79289,0.12655999999999956
159675,Fields of Arle,7.65665,7.59752,-0.05912999999999968
28143,Race for the Galaxy,7.65225,7.61916,-0.03309000000000051
266810,Paladins of the West Kingdom,7.6517,7.66388,0.012179999999999858
121921,Robinson Crusoe: Adventures on the Cursed Island,7.65075,7.55358,-0.0971700000000002
201808,Clank!: A Deck-Building Adventure,7.64673,7.60164,-0.045090000000000074
171623,The Voyages of Marco Polo,7.64358,7.55029,-0.09328999999999965
229853,Teotihuacan: City of Gods,7.64274,7.57235,-0.07038999999999973
68448,7 Wonders,7.63557,7.55428,-0.08129000000000008
108687,Puerto Rico,7.6331,7.49182,-0.14128000000000007
157354,Five Tribes,7.62984,7.61102,-0.018819999999999837
200680,Agricola (Revised Edition),7.62175,7.64728,0.02553000000000072
62219,Dominant Species,7.6205,7.55938,-0.06111999999999984
110327,Lords of Waterdeep,7.61831,7.58487,-0.03344000000000058
182874,Grand Austria Hotel,7.60019,7.70919,0.10900000000000087
122515,Keyflower,7.59339,7.50632,-0.08707000000000065
264220,Tainted Grail: The Fall of Avalon,7.5894,7.5062,-0.0832000000000006
236457,Architects of the West Kingdom,7.58637,7.51779,-0.06857999999999986
93,El Grande,7.57836,7.58868,0.010320000000000107
18602,Caylus,7.5778,7.49612,-0.08167999999999953
37111,Battlestar Galactica: The Board Game,7.56635,7.5289,-0.03744999999999976
12493,Twilight Imperium: Third Edition,7.56215,7.4694,-0.09274999999999967
73439,Troyes,7.56073,7.49404,-0.06669000000000036
40834,Dominion: Intrigue,7.55535,7.50445,-0.0508999999999995
146021,Eldritch Horror,7.55478,7.49525,-0.05952999999999964
172386,Mombasa,7.55387,7.48497,-0.06890000000000018
269385,The Lord of the Rings: Journeys in Middle-Earth,7.5485,7.48485,-0.06364999999999998
205896,Rising Sun,7.54317,7.45487,-0.08830000000000027
170042,Raiders of the North Sea,7.54101,7.50451,-0.0365000000000002
160069,Ticket to Ride: 10th Anniversary,7.53928,7.39077,-0.14850999999999992
314040,Pandemic Legacy: Season 0,7.5392,7.7409,0.20169999999999977
163412,Patchwork,7.53745,7.47659,-0.060859999999999914
144733,Russian Railroads,7.53008,7.46662,-0.06346000000000007
42,Tigris & Euphrates,7.52665,7.50866,-0.017990000000000173
203993,Lorenzo il Magnifico,7.52596,7.49545,-0.03051000000000048
281259,The Isle of Cats,7.52347,7.38479,-0.13867999999999991
102680,Trajan,7.51458,7.47263,-0.04194999999999993
225694,Decrypto,7.51227,7.54501,0.032740000000000435
178900,Codenames,7.51089,7.43414,-0.07674999999999965
132531,Roll for the Galaxy,7.50585,7.41029,-0.09555999999999987
155821,Inis,7.50439,7.53299,0.02859999999999996
36218,Dominion,7.49999,7.47519,-0.02480000000000082
30549,Pandemic,7.48919,7.41069,-0.07850000000000001
233371,Clank! In! Space!: A Deck-Building Adventure,7.4878,7.43743,-0.050370000000000026
2511,Sherlock Holmes Consulting Detective: The Thames Murders & Other Cases,7.48654,7.37346,-0.11308000000000007
172287,Champions of Midgard,7.48569,7.41959,-0.0660999999999996
196340,Yokohama,7.48552,7.44471,-0.04081000000000046
198928,Pandemic: Iberia,7.48276,7.4375,-0.045259999999999856
218417,Aeon's End: War Eternal,7.47464,7.46949,-0.005149999999999544
127023,Kemet,7.47294,7.37643,-0.09651000000000032
175155,Forbidden Stars,7.47181,7.44045,-0.03135999999999939
263918,Cartographers,7.46932,7.39822,-0.0710999999999995
175640,Vinhos Deluxe Edition,7.46873,7.45613,-0.012599999999999945
266524,PARKS,7.46285,7.40945,-0.05340000000000078
163068,Trickerion: Legends of Illusion,7.45696,7.53446,0.07750000000000057
262712,Res Arcana,7.45146,7.39818,-0.053279999999999994
161970,Alchemists,7.44969,7.39653,-0.053160000000000096
103885,Star Wars: X-Wing Miniatures Game,7.44545,7.36628,-0.0791700000000004
146652,Legendary Encounters: An Alien Deck Building Game,7.44522,7.37137,-0.0738500000000002
233398,Endeavor: Age of Sail,7.44506,7.37158,-0.07347999999999999
147020,Star Realms,7.44277,7.40397,-0.03880000000000017
34635,Stone Age,7.44233,7.38486,-0.057470000000000354
4098,Age of Steam,7.43641,7.48881,0.05239999999999956
253344,Cthulhu: Death May Die,7.43404,7.7556,0.32155999999999985
118048,Targi,7.42916,7.40707,-0.022090000000000387
14996,Ticket to Ride: Europe,7.42517,7.39773,-0.027439999999999465
148949,Istanbul,7.42213,7.37613,-0.04600000000000026
271324,It's a Wonderful World,7.42125,7.39157,-0.02967999999999993
233867,Welcome To...,7.41991,7.35611,-0.06379999999999963
43015,Hansa Teutonica,7.41935,7.46642,0.04707000000000061
274364,Watergate,7.41932,7.39145,-0.02787000000000006
104162,Descent: Journeys in the Dark (Second Edition),7.41914,7.32504,-0.09409999999999918
244522,That's Pretty Clever!,7.40935,7.367,-0.04234999999999989
9609,War of the Ring,7.40822,7.34176,-0.06646000000000019
77423,The Lord of the Rings: The Card Game,7.40752,7.38717,-0.020349999999999646
43111,Chaos in the Old World,7.4073,7.34318,-0.06411999999999995
284378,Kanban EV,7.40516,7.78857,0.3834099999999996
287954,Azul: Summer Pavilion,7.40192,7.30455,-0.09736999999999973
150376,Dead of Winter: A Crossroads Game,7.39702,7.27863,-0.11839000000000066
82222,Xia: Legends of a Drift System,7.39243,7.37118,-0.021250000000000213
54043,Jaipur,7.39067,7.36425,-0.026419999999999888
220877,Rajas of the Ganges,7.38786,7.41603,0.02817000000000025
17133,Railways of the World,7.38635,7.30379,-0.08255999999999997
128882,The Resistance: Avalon,7.38511,7.30772,-0.07739000000000029
10630,Memoir '44,7.384,7.33483,-0.04917000000000016
217372,The Quest for El Dorado,7.38388,7.52544,0.14155999999999924
254640,Just One,7.38166,7.43996,0.05830000000000002
155426,Castles of Mad King Ludwig,7.37988,7.31487,-0.06501000000000001
221194,Dinosaur Island,7.37936,7.23806,-0.1413000000000002
70149,Ora et Labora,7.37753,7.29673,-0.08079999999999998
103343,A Game of Thrones: The Board Game (Second Edition),7.37589,7.30673,-0.06916000000000011
283948,Marco Polo II: In the Service of the Khan,7.37081,7.36678,-0.004029999999999312
463,Magic: The Gathering,7.36873,7.40932,0.040589999999999904
39463,Cosmic Encounter,7.36761,7.31866,-0.048949999999999605
188920,This War of Mine: The Board Game,7.36663,7.3431,-0.02353000000000005
282524,Horrified,7.36591,7.30414,-0.0617700000000001
199561,Sagrada,7.36551,7.32567,-0.039839999999999876
14105,Commands & Colors: Ancients,7.35845,7.28384,-0.07461000000000073
25021,Sekigahara: The Unification of Japan,7.35434,7.31864,-0.0356999999999994
123260,Suburbia,7.35381,7.28577,-0.06803999999999988
31627,Ticket to Ride: Nordic Countries,7.3521,7.30213,-0.04997000000000007
195421,Near and Far,7.35031,7.24417,-0.1061399999999999
223321,Detective: A Modern Crime Board Game,7.34672,7.17542,-0.17130000000000045
104006,Village,7.34447,7.28681,-0.05766000000000027
21050,Combat Commander: Europe,7.34365,7.23908,-0.10456999999999983
256916,Concordia Venus,7.34147,7.57722,0.23574999999999946
171131,Captain Sonar,7.34139,7.29223,-0.04915999999999965
126042,Nations,7.34134,7.25234,-0.08899999999999952
239188,Chronicles of Crime,7.34123,7.16593,-0.1753
296151,Viscounts of the West Kingdom,7.33972,7.37387,0.03415000000000035
91,Paths of Glory,7.33726,7.26063,-0.07662999999999975
265188,Glen More II: Chronicles,7.33528,7.37251,0.037230000000000096
224037,Codenames: Duet,7.33394,7.24023,-0.09370999999999974
182631,Star Realms: Colony Wars,7.33208,7.26393,-0.06815000000000015
154597,Hive Pocket,7.3299,7.34182,0.01191999999999993
245638,Coimbra,7.32855,7.26167,-0.06688000000000027
283155,Calico,7.32854,7.25322,-0.0753200000000005
146508,T.I.M.E Stories,7.32578,7.15378,-0.1719999999999997
148228,Splendor,7.32269,7.29207,-0.03061999999999987
215,Tichu,7.31833,7.27916,-0.03916999999999948
188,Go,7.31794,7.30889,-0.009050000000000225
146886,La Granja,7.31767,7.23781,-0.07986000000000004
308765,Praga Caput Regni,7.31664,7.38189,0.0652500000000007
189932,Tyrants of the Underdark,7.31657,7.4161,0.09953000000000056
12,Ra,7.31019,7.52496,0.21476999999999968
822,Carcassonne,7.3089,7.29575,-0.013150000000000439
9209,Ticket to Ride,7.30689,7.26418,-0.04271000000000047
317985,Beyond the Sun,7.30683,7.5667,0.25987000000000027
194655,Santorini,7.30137,7.20103,-0.1003400000000001
176189,Zombicide: Black Plague,7.29998,7.22059,-0.07939000000000007
109276,Kanban: Driver's Edition,7.29946,7.19917,-0.10029000000000021
129437,Legendary: A Marvel Deck Building Game,7.2994,7.23064,-0.06876000000000015
54998,Cyclades,7.29923,7.24892,-0.05030999999999963
249259,War Chest,7.29172,7.38866,0.09694000000000003
242302,Space Base,7.29101,7.3201,0.02909000000000006
188834,Secret Hitler,7.29005,7.25684,-0.03320999999999952
9216,Goa,7.28798,7.19883,-0.08915000000000006
555,The Princes of Florence,7.28771,7.2115,-0.07620999999999967
7854,YINSH,7.28764,7.26671,-0.020929999999999893
156129,Deception: Murder in Hong Kong,7.28512,7.22242,-0.06270000000000042
192291,Sushi Go Party!,7.28084,7.22192,-0.05892000000000053
169426,Roll Player,7.28052,7.21218,-0.06834000000000007
232832,Century: Golem Edition,7.27852,7.23358,-0.044940000000000424
268864,Undaunted: Normandy,7.27628,7.39548,0.1192000000000002
155068,Arcadia Quest,7.27525,7.13597,-0.1392799999999994
31481,Galaxy Trucker,7.26886,7.18938,-0.07948000000000022
128621,Viticulture,7.26674,7.18495,-0.0817900000000007
209418,Dominion (Second Edition),7.26619,7.3941,0.12790999999999997
27833,Steam,7.26595,7.16515,-0.10080000000000044
158600,Hanamikoji,7.26592,7.22823,-0.037690000000000445
20551,Shogun,7.26591,7.19269,-0.07322000000000006
199478,Flamme Rouge,7.26497,7.2198,-0.04516999999999971
198994,Hero Realms,7.26241,7.20257,-0.05984000000000034
176494,Isle of Skye: From Chieftain to King,7.26239,7.21731,-0.045079999999999565
421,1830: Railways & Robber Barons,7.25967,7.19347,-0.06620000000000026
27708,1960: The Making of the President,7.25478,7.17806,-0.0767199999999999
19857,Glory to Rome,7.25437,7.21587,-0.03849999999999998
140620,Lewis & Clark: The Expedition,7.25113,7.17861,-0.07251999999999992
118,Modern Art,7.24916,7.3265,0.07734000000000041
228341,Pulsar 2849,7.24347,7.20458,-0.03889000000000031
283355,Dune,7.24299,7.35096,0.1079699999999999
127060,Bora Bora,7.2406,7.17669,-0.06390999999999991
3,Samurai,7.23994,7.22504,-0.014899999999999913
155873,Power Grid Deluxe: Europe/North America,7.23921,7.10794,-0.13126999999999978
241451,Aeon's End: Legacy,7.23602,7.27706,0.04103999999999974
306735,Under Falling Skies,7.23064,7.25656,0.025920000000000165
108745,Seasons,7.22977,7.1537,-0.07607000000000053
204583,Kingdomino,7.22753,7.17473,-0.052799999999999514
24181,Imperial,7.22638,7.13052,-0.09586000000000006
92828,Dixit: Odyssey,7.22569,7.15137,-0.07432000000000016
269207,The Taverns of Tiefenthal,7.22371,7.27822,0.0545100000000005
271055,Dwellings of Eldervale,7.22255,7.51932,0.29676999999999953
318977,MicroMacro: Crime City,7.22195,7.22172,-0.00022999999999928633
97207,Dungeon Petz,7.21947,7.12291,-0.0965600000000002
144344,Rococo,7.21522,7.167,-0.048220000000000596
255984,Sleeping Gods,7.21479,7.70503,0.49024
22545,Age of Empires III: The Age of Discovery,7.21295,7.11395,-0.0990000000000002
154203,Imperial Settlers,7.21116,7.10597,-0.10518999999999945
760,Battle Line,7.20844,7.17534,-0.03310000000000013
38453,Space Alert,7.206,7.11667,-0.08933000000000035
181279,Fury of Dracula (Third/Fourth Edition),7.20562,7.09879,-0.10682999999999954
286096,Tapestry,7.20104,7.20722,0.006180000000000518
176734,The Manhattan Project: Energy Empire,7.19969,7.1332,-0.06648999999999994
271896,Star Wars: Outer Rim,7.19949,7.36119,0.16169999999999973
232405,Western Legends,7.19825,7.22165,0.02340000000000053
66589,Navegador,7.19796,7.13168,-0.0662799999999999
222509,Lords of Hellas,7.19627,7.03198,-0.16429000000000027
193037,Dead of Winter: The Long Night,7.1949,7.07517,-0.11972999999999967
224783,Vindication,7.19452,7.2156,0.02108000000000043
279537,The Search for Planet X,7.1915,7.5549,0.3634000000000004
93260,Summoner Wars: Master Set,7.19143,7.09504,-0.09639000000000042
19777,Indonesia,7.19087,7.13692,-0.05395000000000039
59294,Runewars,7.18984,7.08843,-0.10141000000000044
295947,Cascadia,7.18979,7.74515,0.5553599999999994
2655,Hive,7.18963,7.1699,-0.019730000000000025
203420,Exit: The Game – The Abandoned Cabin,7.18924,7.08678,-0.10245999999999977
206718,Ethnos,7.18911,7.1682,-0.02091000000000065
235802,Too Many Bones: Undertow,7.18873,7.39688,0.20815000000000072
48726,Alien Frontiers,7.18728,7.09036,-0.0969199999999999
165722,KLASK,7.18324,7.25987,0.07663000000000064
171908,El Grande Big Box,7.18255,7.11699,-0.06555999999999962
160477,Onitama,7.18054,7.14366,-0.036880000000000024
54138,Imperial 2030,7.17995,7.10092,-0.07902999999999949
13122,Antiquity,7.17958,7.06721,-0.11236999999999941
146439,BattleLore: Second Edition,7.17777,7.05583,-0.1219399999999995
172081,Burgle Bros.,7.17451,7.08274,-0.09176999999999946
293014,Nidavellir,7.1744,7.27005,0.09565000000000001
139976,Cthulhu Wars,7.17404,7.15352,-0.020519999999999428
234,Hannibal: Rome vs. Carthage,7.17209,7.02604,-0.1460499999999998
246784,Cryptid,7.16915,7.16656,-0.0025900000000005363
187617,Nemo's War (Second Edition),7.16838,7.09899,-0.06939000000000028
209685,Century: Spice Road,7.16831,7.11057,-0.0577399999999999
46213,Telestrations,7.16388,7.14394,-0.01994000000000007
231733,Obsession,7.16023,7.70965,0.5494199999999996
140068,Galaxy Trucker: Anniversary Edition,7.15981,6.97729,-0.18252000000000024
274637,"Unmatched: Battle of Legends, Volume One",7.15721,7.2174,0.06018999999999952
40692,Small World,7.15485,7.08935,-0.06550000000000011
227789,Heaven & Ale,7.15436,7.10531,-0.04904999999999937
101721,Mage Wars Arena,7.15388,7.01803,-0.13584999999999958
140934,Arboretum,7.15253,7.06941,-0.0831199999999992
172818,Above and Below,7.15246,7.07786,-0.07459999999999933
136888,Bruges,7.15109,7.10597,-0.04511999999999983
54,Tikal,7.1497,7.11178,-0.03791999999999973
45315,Dungeon Lords,7.14953,7.0649,-0.08463000000000065
77130,Sid Meier's Civilization: The Board Game,7.14947,7.07045,-0.07901999999999987
163967,Tiny Epic Galaxies,7.14843,7.10358,-0.04485000000000028
181304,Mysterium,7.14841,7.05546,-0.09295000000000009
143693,Glass Road,7.14831,7.1069,-0.04140999999999995
295486,My City,7.14593,7.25463,0.1086999999999998
59959,Letters from Whitechapel,7.14351,7.06714,-0.07636999999999983
5,Acquire,7.14189,7.12823,-0.013659999999999783
129622,Love Letter,7.14107,7.12375,-0.01731999999999978
25292,Merchants & Marauders,7.14066,7.08032,-0.06033999999999917
324856,The Crew: Mission Deep Sea,7.13714,7.81217,0.6750300000000005
41114,The Resistance,7.13669,7.04905,-0.0876399999999995
21241,Neuroshima Hex! 3.0,7.13648,7.08002,-0.05645999999999951
37046,Ghost Stories,7.13569,7.04958,-0.08611000000000057
2653,Survive: Escape from Atlantis!,7.13531,7.11715,-0.018159999999999954
39856,Dixit,7.13481,7.07232,-0.06248999999999949
223040,Fantasy Realms,7.13471,7.24534,0.11062999999999956
176920,Mission: Red Planet (Second Edition),7.13378,7.0708,-0.06297999999999959
163745,Star Wars: Armada,7.13263,7.0408,-0.09182999999999986
70919,Takenoko,7.13259,7.06155,-0.07103999999999999
119890,Agricola: All Creatures Big and Small,7.1295,7.04957,-0.07993000000000006
257499,Arkham Horror (Third Edition),7.12637,7.13928,0.012910000000000643
219513,Bärenpark,7.12587,7.07448,-0.0513899999999996
234487,Altiplano,7.1209,7.03322,-0.08767999999999976
182134,Evolution: Climate,7.12013,6.98136,-0.13877000000000006
199042,Harry Potter: Hogwarts Battle,7.11863,7.0606,-0.05802999999999958
17392,Here I Stand,7.1174,6.97327,-0.14412999999999965
302723,Forgotten Waters,7.11531,7.15346,0.038149999999999906
184921,Bunny Kingdom,7.1139,7.10825,-0.005650000000000155
192458,51st State: Master Set,7.10816,7.03125,-0.07690999999999981
172,For Sale,7.1069,7.1373,0.030399999999999316
8217,San Juan,7.10491,7.05635,-0.04856000000000016
25554,Notre Dame,7.10382,7.03692,-0.06689999999999952
1,Die Macher,7.10363,6.99531,-0.10831999999999997
39683,At the Gates of Loyang,7.09717,7.02678,-0.07039000000000062
260605,Camel Up (Second Edition),7.09647,7.25199,0.1555200000000001
24480,The Pillars of the Earth,7.09612,7.03714,-0.05898000000000003
156546,Monikers,7.0925,7.19715,0.10464999999999947
250458,Gùgōng,7.09246,7.02622,-0.06623999999999963
33160,Endeavor,7.09229,6.99899,-0.09330000000000016
90137,Blood Bowl: Team Manager – The Card Game,7.09155,7.05026,-0.04129000000000005
230253,Star Realms: Frontiers,7.09028,7.18418,0.09389999999999965
50,Lost Cities,7.08937,7.14884,0.059470000000000134
246192,Gizmos,7.08717,7.07328,-0.013890000000000846
9217,Saint Petersburg,7.08682,7.02308,-0.06374000000000013
186751,Mythic Battles: Pantheon,7.08649,6.97717,-0.1093200000000003
31594,In the Year of the Dragon,7.08597,7.00614,-0.0798299999999994
204305,Sherlock Holmes Consulting Detective: Jack the Ripper & West End Adventures,7.08533,6.96638,-0.11894999999999989
144592,Bruxelles 1893,7.08518,6.99062,-0.09456000000000042
234277,Nusfjord,7.08489,7.10479,0.019900000000000695
170771,Sword & Sorcery,7.08321,6.97499,-0.1082200000000002
188866,Awkward Guests,7.08158,7.10002,0.018440000000000012
21348,Ticket to Ride: Märklin,7.08022,7.00132,-0.07889999999999997
265736,Tiny Towns,7.07874,6.9945,-0.08423999999999943
256226,Azul: Stained Glass of Sintra,7.07835,6.99793,-0.08042000000000016
70323,King of Tokyo,7.0755,7.01389,-0.06160999999999994
63888,Innovation,7.07443,7.10182,0.02738999999999958
36932,Claustrophobia,7.07424,6.95371,-0.12052999999999958
40765,Clash of Cultures,7.07366,6.9607,-0.11296000000000017
297030,Tekhenu: Obelisk of the Sun,7.07348,7.06881,-0.004669999999999952
154809,Nippon,7.07285,6.96658,-0.10626999999999942
300322,Hallertau,7.07236,7.21218,0.13982000000000028
245934,Carpe Diem,7.07033,7.05341,-0.016919999999999824
121,Dune,7.06902,6.95068,-0.11833999999999989
71,Civilization,7.0687,6.98456,-0.08413999999999966
236191,London (Second Edition),7.06713,7.00901,-0.05811999999999973
54625,Space Hulk (Third Edition),7.06702,6.97059,-0.09643000000000068
243,Advanced Squad Leader,7.06699,6.94792,-0.11906999999999979
198773,Codenames: Pictures,7.06554,7.00219,-0.06335000000000068
166669,San Juan (Second Edition),7.0652,6.99194,-0.07326000000000032
195539,The Godfather: Corleone's Empire,7.06495,7.04471,-0.02023999999999937
244711,Newton,7.06309,7.03646,-0.02662999999999993
155987,Abyss,7.06094,7.06112,0.00017999999999940286
40354,Maria,7.06093,7.06381,0.0028800000000002157
124708,Mice and Mystics,7.06066,6.95978,-0.10088000000000008
260428,Pandemic: Fall of Rome,7.06061,7.0366,-0.024009999999999643
300531,Paleo,7.0576,7.3081,0.2504999999999997
194594,Dice Forge,7.0558,7.00926,-0.04653999999999936
161614,Stockpile,7.05404,6.96212,-0.09192
244271,Dice Throne: Season Two – Battle Chest,7.05392,7.15824,0.10432000000000041
15987,Arkham Horror,7.05369,7.01924,-0.03444999999999965
63628,The Manhattan Project,7.05124,6.95107,-0.10017000000000031
128271,Ginkgopolis,7.0507,7.06722,0.016519999999999868
66188,Fresco,7.05025,6.97452,-0.07573000000000008
55670,Macao,7.05007,6.96664,-0.0834299999999999
227224,The Red Cathedral,7.04956,7.33244,0.28288000000000046
197376,Charterstone,7.04633,6.89749,-0.14883999999999986
215311,Downforce,7.04369,7.00378,-0.03990999999999989
138161,Firefly: The Game,7.04349,6.9929,-0.05059000000000058
269210,Twice as Clever!,7.04337,7.03913,-0.004240000000000244
229220,Santa Maria,7.0426,6.97768,-0.06491999999999987
294484,Unmatched: Cobble & Fog,7.0424,7.37606,0.33366000000000007
47,Chinatown,7.04135,7.11085,0.06949999999999967
270633,Aeon's End: The New Age,7.04093,7.19123,0.15029999999999966
151347,Millennium Blades,7.04036,6.98485,-0.05550999999999995
215341,Thunderstone Quest,7.04007,6.95187,-0.08819999999999961
100901,Flash Point: Fire Rescue,7.03901,6.97188,-0.06713000000000058
267367,Suburbia: Collector's Edition,7.03551,6.9753,-0.06021000000000054
15985,Blood Bowl: Living Rulebook,7.03389,6.87272,-0.16117000000000026
111341,The Great Zimbabwe,7.03315,7.13418,0.10102999999999973
79828,A Few Acres of Snow,7.03153,6.9409,-0.09062999999999999
128671,Spartacus: A Game of Blood and Treachery,7.02964,6.99882,-0.030819999999999403
274960,Point Salad,7.02956,6.92745,-0.1021099999999997
304420,Bonfire,7.02914,7.07834,0.04919999999999991
96913,Lancaster,7.02747,6.94848,-0.07899000000000012
66362,Glen More,7.0243,6.94206,-0.08224000000000053
176396,Quadropolis,7.02324,6.94277,-0.08047000000000004
34219,Biblios,7.02276,6.99272,-0.030039999999999623
27162,Kingsburg,7.02275,6.96805,-0.054700000000000415
11170,Heroscape Master Set: Rise of the Valkyrie,7.01987,6.94872,-0.07115000000000027
192153,Pandemic: Reign of Cthulhu,7.01748,6.95912,-0.05835999999999952
105134,Risk Legacy,7.01568,6.90098,-0.11470000000000002
18833,Lord of the Rings: The Confrontation,7.01311,6.96655,-0.04656000000000038
92415,Skull,7.01299,7.01422,0.0012299999999996203
270844,Imperial Settlers: Empires of the North,7.01134,6.93257,-0.07876999999999956
150658,Pandemic: The Cure,7.01134,6.91439,-0.09694999999999965
25417,BattleLore,7.01087,6.91707,-0.09379999999999988
137408,Amerigo,7.00836,6.91886,-0.08950000000000014
62222,Commands & Colors: Napoleonics,7.0073,6.96586,-0.0414399999999997
251658,Sprawlopolis,7.00579,6.97263,-0.03316000000000052
372,Schotten Totten,7.00475,7.06407,0.05932000000000048
5404,Amun-Re,7.00409,6.92388,-0.08021000000000011
230914,Carcassonne Big Box 6,7.00097,7.14013,0.1391600000000004
157969,Sheriff of Nottingham,7.00049,6.91437,-0.0861200000000002
150,PitchCar,6.99936,6.97011,-0.02925000000000022
146791,Shadows of Brimstone: City of the Ancients,6.99704,6.89156,-0.10548000000000002
128996,1775: Rebellion,6.99694,6.88353,-0.11341000000000001
17226,Descent: Journeys in the Dark,6.99566,6.9037,-0.09196000000000026
83330,Mansions of Madness,6.99503,6.91171,-0.08331999999999962
712,Blood Bowl (Third Edition),6.995,6.90171,-0.09329000000000054
194607,Mystic Vale,6.99287,6.93311,-0.05975999999999981
136063,Forbidden Desert,6.99129,6.91692,-0.07437000000000005
262543,Wavelength,6.98793,6.98076,-0.007170000000000343
177639,Raptor,6.98744,6.89206,-0.09538000000000046
123123,BattleCON: Devastation of Indines,6.98479,6.81022,-0.17457000000000011
62227,"Labyrinth: The War on Terror, 2001 – ?",6.98221,6.88741,-0.09480000000000022
162082,Deus,6.98121,6.91686,-0.06435000000000013
95527,Madeira,6.97957,6.85349,-0.12607999999999997
245655,The King's Dilemma,6.97881,7.1031,0.12429000000000023
158899,Colt Express,6.9782,6.95369,-0.024510000000000254
233312,Stuffed Fables,6.97748,6.92431,-0.05316999999999972
98778,Hanabi,6.9753,6.92414,-0.05115999999999943
285967,Ankh: Gods of Egypt,6.97339,7.28081,0.3074199999999996
144189,Fire in the Lake,6.97312,6.95217,-0.020950000000000024
226522,Exit: The Game – Dead Man on the Orient Express,6.9716,6.92047,-0.051129999999999676
256730,Pipeline,6.9716,6.93994,-0.03165999999999958
13,Catan,6.97148,6.9066,-0.0648799999999996
478,Citadels,6.9708,6.93298,-0.037819999999999965
298047,Marvel United,6.97018,7.1758,0.2056199999999997
15062,Shadows over Camelot,6.9692,6.92812,-0.041080000000000005
43570,Friday,6.96865,6.93033,-0.038320000000000576
20437,Lords of Vegas,6.96855,6.92315,-0.045399999999999885
65781,London,6.96834,6.86085,-0.10749000000000031
105551,Archipelago,6.96808,6.85357,-0.11450999999999922
127398,Legends of Andor,6.96601,6.86327,-0.10273999999999983
171,Chess,6.96557,7.03238,0.06681000000000026
206941,First Class: All Aboard the Orient Express!,6.96429,6.8638,-0.10048999999999975
119506,Freedom: The Underground Railroad,6.96322,6.87375,-0.0894699999999995
191862,Imhotep,6.96065,6.90273,-0.057920000000000194
97786,Small World Underground,6.96053,6.88309,-0.07744000000000018
156858,Black Orchestra,6.96018,6.97284,0.01265999999999945
133848,Euphoria: Build a Better Dystopia,6.96001,6.85794,-0.10206999999999944
193042,Junk Art,6.95949,6.91806,-0.04143000000000008
240196,Betrayal Legacy,6.95875,6.91533,-0.043420000000000236
221965,The Fox in the Forest,6.95875,6.86187,-0.09688000000000052
102652,Sentinels of the Multiverse,6.95773,6.85589,-0.10184000000000015
171668,The Grizzled,6.95746,6.87363,-0.08382999999999985
255668,Trickerion: Collector's Edition,6.95656,7.28902,0.3324600000000002
875,Roads & Boats,6.95536,6.83348,-0.12187999999999999
36553,Time's Up! Title Recall!,6.95369,6.84625,-0.10743999999999954
246684,Smartphone Inc.,6.95305,7.0512,0.09814999999999952
205398,Citadels,6.9529,6.94785,-0.005049999999999777
144797,Argent: The Consortium,6.95039,6.89259,-0.05779999999999941
147949,One Night Ultimate Werewolf,6.9476,6.85967,-0.08793000000000006
58421,Egizia,6.94759,6.83227,-0.11531999999999965
328871,Terraforming Mars: Ares Expedition,6.94751,7.3779,0.43039000000000005
125618,Libertalia,6.94735,6.87293,-0.07441999999999993
21790,Thurn and Taxis,6.94712,6.91084,-0.036279999999999646
202426,Sidereal Confluence,6.94577,7.09244,0.1466699999999994
9674,Ingenious,6.94345,6.89346,-0.0499900000000002
180974,Potion Explosion,6.94294,6.92645,-0.016490000000000116
90419,Airlines Europe,6.94179,6.86823,-0.07356000000000051
264241,Mandala,6.93809,6.95732,0.019230000000000302
142379,Escape Plan,6.93799,6.88698,-0.05100999999999978
163968,Elysium,6.93692,6.86493,-0.07198999999999955
232043,Queendomino,6.93684,6.84483,-0.09201000000000015
31999,TZAAR,6.93656,6.88705,-0.04950999999999972
232414,Oceans,6.93591,6.90207,-0.03383999999999965
11,Bohnanza,6.93413,6.95872,0.02458999999999989
245654,Railroad Ink: Deep Blue Edition,6.93367,6.89961,-0.0340600000000002
12942,No Thanks!,6.93347,6.9537,0.020230000000000636
45358,Alhambra: Big Box,6.93322,6.8206,-0.11262000000000061
42052,Vinhos,6.93274,6.83407,-0.09867000000000026
34119,Tales of the Arabian Nights,6.93259,6.85132,-0.08126999999999995
18,RoboRally,6.93168,6.87688,-0.05480000000000018
27173,Vikings,6.93117,6.85953,-0.07163999999999948
269144,Hadara,6.9301,6.94142,0.011319999999999553
156009,Port Royal,6.92921,6.89598,-0.03323000000000054
262215,Blackout: Hong Kong,6.92918,6.87689,-0.05228999999999928
133473,Sushi Go!,6.92885,6.87538,-0.053469999999999906
181530,Runebound (Third Edition),6.92863,6.88026,-0.048370000000000246
17405,1846: The Race for the Midwest,6.92798,6.87573,-0.05224999999999991
213460,Unlock!: Escape Adventures,6.92752,6.85289,-0.07462999999999997
133038,Pathfinder Adventure Card Game: Rise of the Runelords – Base Set,6.92705,6.83942,-0.08763000000000076
192836,The Colonists,6.92653,6.81782,-0.10870999999999942
97842,Last Will,6.92624,6.86484,-0.0613999999999999
150145,Skull King,6.92548,7.19905,0.2735699999999994
31730,Chicago Express,6.92434,6.87653,-0.04781000000000013
475,Taj Mahal,6.92434,6.85321,-0.07113000000000014
218603,Photosynthesis,6.92316,6.77391,-0.14925000000000033
128780,Pax Porfiriana,6.9224,6.83452,-0.08787999999999929
